Workbook

Sheet 구동계_진동_계산기
A1: 구동계 속도 변환 및 베어링/스프라켓 진동 주파수 계산기
A4: 1. 설정 Hz 및 축별 속도 계산 (Hz ↔ RPM)
A5: 설정 Hz (Input) | B5: 60 | D5: 설정 RPM (Input) | E5: =B$5*120/4 -> 1800
A7: 구분 (축 명칭) | B7: 변산 RPM | C7: 변산 주파수 (Hz) | D7: 속도 비 (Ratio) | E7: 비고
A8: 모터 출력측 | B8: =E$5 -> 1800 | C8: =B8/60 -> 30 | E8: 주속도 / 모터 직결축
A9: 모터 벨트연결측 | B9: =B$8*D$9 -> 1049.94 | C9: =B9/60 -> 17.499 | D9: 0.5833 | E9: 벨트 감속축
A10: 부하측 | B10: =B$9*D$10 -> 104.994 | C10: =B10/60 -> 1.7499 | D10: 0.1 | E10: 최종 감속 출력축
A12: 2. 체인 스프라켓 맞물림 주파수 (Sprocket Mesh Frequency / GMF)
A13: 스프라켓 잇수 (Z) | B13: 18
A15: 스프라켓 설치 위치 | B15: 해당 축 RPM | C15: 해당 축 Hz | D15: GMF (Hz) | E15: 산출 공식
A16: 부하측 | B16: =B10 -> 104.994 | C16: =C10 -> 1.7499 | D16: =C16*$B$13 -> 31.4982 | E16: Hz × 잇수(Z)
A20: 3. 베어링 스펙 입력 및 결함 주파수 4종 계산 (Bearing Defect Frequencies)
A21: 베어링 모델/명칭 | B21: NTN N306E | D21: 볼/롤러 직경 (d) | E21: 11
A22: 롤러/볼 개수 (n) | B22: 12 | D22: 피치 직경 (D) | E22: 51.5
A23: 접촉각 (α) | B23: 0
A25: 결함 주파수 항목 | B25: 약어 | C25: 이론 계산식 | D25: 모터측 결함(Hz) | E25: 벨트축 결함(Hz) | F25: 부하측 결함(Hz)
A26: 외륜 결함 주파수 | B26: BPFO | C26: (n/2) × fr × (1 - (d/D)cosα) | D26: =( $B$22 / 2 ) * C8 * ( 1 - ( $E$21 / $E$22 ) * COS(RADIANS($B$23)) ) -> 141.5534 | E26: =( $B$22 / 2 ) * C9 * ( 1 - ( $E$21 / $E$22 ) * COS(RADIANS($B$23)) ) -> 82.568097 | F26: =( $B$22 / 2 ) * C10 * ( 1 - ( $E$21 / $E$22 ) * COS(RADIANS($B$23)) ) -> 8.2568097
A27: 내륜 결함 주파수 | B27: BPFI | C27: (n/2) × fr × (1 + (d/D)cosα) | D27: =( $B$22 / 2 ) * C8 * ( 1 + ( $E$21 / $E$22 ) * COS(RADIANS($B$23)) ) -> 218.4466 | E27: =( $B$22 / 2 ) * C9 * ( 1 + ( $E$21 / $E$22 ) * COS(RADIANS($B$23)) ) -> 127.4199 | F27: =( $B$22 / 2 ) * C10 * ( 1 + ( $E$21 / $E$22 ) * COS(RADIANS($B$23)) ) -> 12.74199
A28: 롤러/볼 결함 주파수 | B28: BSF | C28: (D/2d) × fr × (1 - ((d/D)cosα)²) | D28: =( $E$22 / (2 * $E$21) ) * C8 * ( 1 - ( ($E$21 / $E$22) * COS(RADIANS($B$23)) )^2 ) -> 67.023389 | E28: =( $E$22 / (2 * $E$21) ) * C9 * ( 1 - ( ($E$21 / $E$22) * COS(RADIANS($B$23)) )^2 ) -> 39.094743 | F28: =( $E$22 / (2 * $E$21) ) * C10 * ( 1 - ( ($E$21 / $E$22) * COS(RADIANS($B$23)) )^2 ) -> 3.9094743
A29: 케이지 결함 주파수 | B29: FTF | C29: (1/2) × fr × (1 - (d/D)cosα) | D29: =( 1 / 2 ) * C8 * ( 1 - ( $E$21 / $E$22 ) * COS(RADIANS($B$23)) ) -> 11.796117 | E29: =( 1 / 2 ) * C9 * ( 1 - ( $E$21 / $E$22 ) * COS(RADIANS($B$23)) ) -> 6.8806748 | F29: =( 1 / 2 ) * C10 * ( 1 - ( $E$21 / $E$22 ) * COS(RADIANS($B$23)) ) -> 0.68806748

Sheet Hz별_속도_테이블
A1: 설정 Hz 변화에 따른 축별 RPM 및 GMF 변화표
A4: 설정 Hz | B4: 모터 출력측 RPM | C4: 모터 벨트축 RPM | D4: 부하측 RPM | E4: 부하축 GMF(Hz) | F4: 비고
A5: 10 | B5: =1200*(A5/40) -> 300 | C5: =700*(A5/40) -> 175 | D5: =70*(A5/40) -> 17.5 | E5: =(D5/60)*구동계_진동_계산기!$B$13 -> 5.25 | F5: 저속
A6: 15 | B6: =1200*(A6/40) -> 450 | C6: =700*(A6/40) -> 262.5 | D6: =70*(A6/40) -> 26.25 | E6: =(D6/60)*구동계_진동_계산기!$B$13 -> 7.875 | F6: 저속
A7: 20 | B7: =1200*(A7/40) -> 600 | C7: =700*(A7/40) -> 350 | D7: =70*(A7/40) -> 35 | E7: =(D7/60)*구동계_진동_계산기!$B$13 -> 10.5 | F7: 저속
A8: 25 | B8: =1200*(A8/40) -> 750 | C8: =700*(A8/40) -> 437.5 | D8: =70*(A8/40) -> 43.75 | E8: =(D8/60)*구동계_진동_계산기!$B$13 -> 13.125 | F8: 저속
A9: 30 | B9: =1200*(A9/40) -> 900 | C9: =700*(A9/40) -> 525 | D9: =70*(A9/40) -> 52.5 | E9: =(D9/60)*구동계_진동_계산기!$B$13 -> 15.75 | F9: 저속
A10: 35 | B10: =1200*(A10/40) -> 1050 | C10: =700*(A10/40) -> 612.5 | D10: =70*(A10/40) -> 61.25 | E10: =(D10/60)*구동계_진동_계산기!$B$13 -> 18.375 | F10: 저속
A11: 40 | B11: =1200*(A11/40) -> 1200 | C11: =700*(A11/40) -> 700 | D11: =70*(A11/40) -> 70 | E11: =(D11/60)*구동계_진동_계산기!$B$13 -> 21 | F11: 정상운전
A12: 45 | B12: =1200*(A12/40) -> 1350 | C12: =700*(A12/40) -> 787.5 | D12: =70*(A12/40) -> 78.75 | E12: =(D12/60)*구동계_진동_계산기!$B$13 -> 23.625 | F12: 고속
A13: 50 | B13: =1200*(A13/40) -> 1500 | C13: =700*(A13/40) -> 875 | D13: =70*(A13/40) -> 87.5 | E13: =(D13/60)*구동계_진동_계산기!$B$13 -> 26.25 | F13: 고속
A14: 55 | B14: =1200*(A14/40) -> 1650 | C14: =700*(A14/40) -> 962.5 | D14: =70*(A14/40) -> 96.25 | E14: =(D14/60)*구동계_진동_계산기!$B$13 -> 28.875 | F14: 고속
A15: 60 | B15: =1200*(A15/40) -> 1800 | C15: =700*(A15/40) -> 1050 | D15: =70*(A15/40) -> 105 | E15: =(D15/60)*구동계_진동_계산기!$B$13 -> 31.5 | F15: 고속
